"Piezo Voltage (V)";"Fast In 3 (V)";"Fast In 4 (V)";
41.902214;-0.0061981175;-0.014017804;
41.90271;-0.0061364737;-0.012904061;
41.903206;-0.0060158772;-0.014208361;
41.903694;-0.0059681768;-0.014161884;
41.90419;-0.0061369631;-0.012367859;
41.904675;-0.0060117189;-0.013046428;
41.90517;-0.0061139688;-0.013350977;
41.905659;-0.0059933728;-0.013209833;
41.906155;-0.0061352509;-0.013299852;
41.906639;-0.0061364737;-0.013058415;
41.907135;-0.0061266893;-0.012310863;
41.907623;-0.0060193022;-0.013244078;
41.908119;-0.0059909262;-0.012138898;
41.908604;-0.006058441;-0.011652597;
41.9091;-0.0060119634;-0.01254325;
41.909588;-0.0060171005;-0.012685372;
41.910084;-0.0059630401;-0.012194181;
41.910568;-0.0059177857;-0.012922896;
41.911064;-0.0062348102;-0.012375442;
41.911552;-0.0061357399;-0.013533462;
41.912048;-0.0060266405;-0.011722069;
41.912533;-0.0059099579;-0.011826766;
41.913029;-0.0060026678;-0.012030043;
41.913517;-0.0060117189;-0.012358808;
41.914013;-0.0061051627;-0.012774902;
41.914497;-0.0060117189;-0.01302906;
41.914993;-0.0059532551;-0.013654303;
41.915482;-0.0061310921;-0.01435611;
41.915977;-0.0059605939;-0.011890611;
41.916462;-0.0060117189;-0.013560125;
41.916958;-0.0060660238;-0.014116385;
41.917446;-0.0060107405;-0.013769273;
41.917942;-0.0060117189;-0.013680232;
41.918427;-0.0059994878;-0.014331893;
41.918922;-0.0061279121;-0.013394519;
41.919411;-0.0059013963;-0.012289092;
41.919907;-0.0058930796;-0.012905284;
41.920391;-0.0059564351;-0.014392802;
41.920887;-0.0061293798;-0.014957624;
41.921375;-0.0060148989;-0.012798876;
41.92186;-0.0060117189;-0.010887924;
41.922356;-0.0062000742;-0.014264134;
41.922844;-0.0061367182;-0.014012667;
41.92334;-0.0060107405;-0.013057681;
41.923824;-0.005887453;-0.013244323;
41.92432;-0.0060009556;-0.012407976;
41.924809;-0.0060210144;-0.012582634;
41.925304;-0.0059018857;-0.012276617;
41.925789;-0.0060792333;-0.012592418;
41.926285;-0.0058448897;-0.01202197;
41.926773;-0.0060082944;-0.012640119;
41.927269;-0.0061369631;-0.012346088;
41.927753;-0.0059772278;-0.014417998;
41.928249;-0.0059160735;-0.011925835;
41.928738;-0.0059901928;-0.012781262;
41.929234;-0.0058867196;-0.012169475;
41.929718;-0.0060256622;-0.011949074;
41.930214;-0.006137697;-0.009965471;
41.930702;-0.0060210144;-0.011933174;
41.931198;-0.0060119634;-0.010478923;
41.931683;-0.0058930796;-0.012228671;
41.932178;-0.0060075605;-0.011203969;
41.932667;-0.0059535;-0.012281754;
41.933163;-0.0059826095;-0.01254594;
41.933647;-0.006014165;-0.013672404;
41.934143;-0.0060410728;-0.012265609;
41.934631;-0.0062348102;-0.011607832;
41.935127;-0.0061173937;-0.011297902;
41.935612;-0.0060119634;-0.012372018;
41.936108;-0.006010985;-0.011483323;
41.936596;-0.0061364737;-0.011013657;
41.937092;-0.0061151921;-0.011662872;
41.937576;-0.0058930796;-0.010894773;
41.938072;-0.0058913669;-0.01014551;
41.93856;-0.0059490968;-0.010243112;
41.939045;-0.0060408283;-0.0095033888;
41.939541;-0.0059747817;-0.010502161;
41.940037;-0.005890144;-0.010245803;
41.940525;-0.0059872572;-0.0095992787;
41.941021;-0.006030065;-0.010226967;
41.941505;-0.0060256622;-0.0095077921;
41.942001;-0.0059104473;-0.0085139107;
41.94249;-0.0058962596;-0.010161899;
41.942986;-0.0058862302;-0.0098734945;
41.94347;-0.0058813379;-0.009603682;
41.943966;-0.0060349577;-0.0099794138;
41.944454;-0.0058280113;-0.010027359;
41.94495;-0.0058086864;-0.009533966;
41.945435;-0.0058867196;-0.0090016779;
41.94593;-0.0060117189;-0.01008142;
41.946419;-0.005785937;-0.010012193;
41.946915;-0.0056582466;-0.0098081818;
41.947399;-0.0058857407;-0.010168014;
41.947895;-0.0058872085;-0.012109788;
41.948383;-0.0061266893;-0.011781756;
41.948879;-0.0059009073;-0.009571882;
41.949364;-0.0058813379;-0.011522217;
41.94986;-0.0059327073;-0.011905776;
41.950348;-0.0059500751;-0.012230629;
41.950844;-0.0058603007;-0.011979652;
41.951328;-0.0058889207;-0.011427305;
41.951824;-0.0059789401;-0.010596829;
41.952312;-0.0059654862;-0.011190026;
41.952808;-0.0058876979;-0.011621042;
41.953293;-0.0060119634;-0.011194184;
41.953781;-0.0057869153;-0.011768546;
41.954277;-0.0057712598;-0.010705928;
41.954773;-0.0058940579;-0.0097389556;
41.955257;-0.0058803591;-0.010787386;
41.955753;-0.0058911224;-0.009939786;
41.956242;-0.0060085389;-0.01025094;
41.956738;-0.0059623062;-0.0095068133;
41.957222;-0.0059725801;-0.011801815;
41.957718;-0.0059177857;-0.010745311;
41.958206;-0.0058896546;-0.010874714;
41.958702;-0.0059923939;-0.009553046;
41.959187;-0.006010985;-0.010501917;
41.959682;-0.006010985;-0.0097423801;
41.960171;-0.0058957702;-0.0097568119;
41.960667;-0.0058793807;-0.010179022;
41.961151;-0.0060058483;-0.011366884;
41.961647;-0.0059334412;-0.0091073532;
41.962135;-0.0059454273;-0.0097191408;
41.962631;-0.0058923457;-0.010719137;
41.963116;-0.0058500268;-0.010655047;
41.963612;-0.0059806523;-0.009667282;
41.9641;-0.0061354954;-0.0098602856;
41.964596;-0.0058189603;-0.010717181;
41.96508;-0.0056829532;-0.0076863701;
41.965576;-0.0060002217;-0.0089759929;
41.966064;-0.0058876979;-0.0086095566;
41.96656;-0.0061220415;-0.0076560373;
41.967045;-0.0058255652;-0.0084999679;
41.967541;-0.0059141167;-0.0077147456;
41.968029;-0.0058898996;-0.007623014;
41.968525;-0.0059625506;-0.0079114186;
41.969009;-0.0058886763;-0.0084603401;
41.969505;-0.0059806523;-0.0080554979;
41.969994;-0.0058881869;-0.0070126937;
41.970478;-0.0059933728;-0.0070890142;
41.970974;-0.0059013963;-0.0068972339;
41.97147;-0.0058864746;-0.0061902897;
41.971958;-0.0058786469;-0.0047974377;
41.972454;-0.0057617198;-0.0066670491;
41.972939;-0.0059941066;-0.005347827;
41.973434;-0.0060021789;-0.0052404399;
41.973923;-0.0059451829;-0.0058522285;
41.974419;-0.0058576097;-0.0058096647;
41.974903;-0.0060092728;-0.0050073196;
41.975399;-0.0059180302;-0.0058497819;
41.975887;-0.0058311913;-0.0052140215;
41.976383;-0.005906289;-0.0044385837;
41.976868;-0.0059006624;-0.0041337907;
41.977364;-0.0058979718;-0.0048238565;
41.977852;-0.0058769346;-0.0045026736;
41.978348;-0.005886964;-0.0027443634;
41.978832;-0.005979185;-0.0045462158;
41.979328;-0.0057614753;-0.0015816966;
41.979816;-0.0058825607;-0.0041582524;
41.980312;-0.0057353009;-0.0036286556;
41.980797;-0.0057196454;-0.0042360406;
41.981293;-0.0057614753;-0.0010887923;
41.981781;-0.0056856438;-0.0013008757;
41.982277;-0.0059728245;-0.002086587;
41.982761;-0.0057761525;-0.001572401;
41.983257;-0.0057489998;-0.0016812559;
41.983746;-0.0058854963;-0.0024111944;
41.98423;-0.0056509082;-0.00061129907;
41.984726;-0.0057414165;-0.00097871444;
41.985214;-0.0057658781;-0.00079060363;
41.98571;-0.0057061915;-0.00023703433;
41.986195;-0.005668276;0.00056946947;
41.986691;-0.0057959664;0.00025684835;
41.987179;-0.0060420516;0.001229692;
41.987675;-0.0055851061;0.0017013145;
41.988159;-0.0057416614;0.00060836365;
41.988655;-0.0056672976;0.00088747218;
41.989143;-0.0056477282;0.0032910835;
41.989639;-0.0055398517;0.002802093;
41.990124;-0.0055195484;0.0023131028;
41.99062;-0.0056562899;0.0034476386;
41.991108;-0.0055944016;0.002689569;
41.991604;-0.0055185701;0.0026714674;
41.992088;-0.0055104978;0.0035242038;
41.992584;-0.0053321715;0.0040330081;
41.993073;-0.0053272792;0.0056166616;
41.993568;-0.0053854981;0.004618133;
41.994053;-0.0053671519;0.0062152408;
41.994549;-0.0052458216;0.0064760027;
41.995037;-0.0052487571;0.0058152908;
41.995533;-0.0052409293;0.0097991312;
41.996017;-0.0053700875;0.010621291;
41.996513;-0.0051672994;0.010165568;
41.997002;-0.0051819766;0.012512428;
41.997498;-0.0051425928;0.015159434;
41.997982;-0.0050858418;0.017072832;
41.998478;-0.0049801669;0.017033936;
41.998966;-0.0050117224;0.018826004;
41.999462;-0.00513501;0.018405508;
41.999947;-0.0051337867;0.020033682;
42.000443;-0.0051195989;0.021672374;
42.000931;-0.0052719954;0.022219094;
42.001427;-0.0051345206;0.023890076;
42.001911;-0.0048850109;0.023367573;
42.002407;-0.0052017905;0.02542505;
42.002895;-0.0052602543;0.026313012;
42.003391;-0.0051929844;0.027682869;
42.003876;-0.0050537968;0.029669652;
42.004372;-0.0049483669;0.030553456;
42.00486;-0.0051702349;0.033535589;
42.005356;-0.0046939645;0.031653743;
42.00584;-0.0044919103;0.037396386;
42.006336;-0.0043710694;0.038432341;
42.006824;-0.0044420087;0.036268454;
42.00732;-0.0035951429;0.040040456;
42.007805;-0.0039884876;0.045254722;
42.008301;-0.0042125573;0.047382891;
42.008789;-0.0032644202;0.051406115;
42.009285;-0.004167303;0.050792128;
42.009769;-0.003694213;0.051048484;
42.010265;-0.0041401507;0.05661549;
42.010754;-0.0035403485;0.058783289;
42.01125;-0.0040029204;0.057475075;
42.011734;-0.002951799;0.057486817;
42.01223;-0.0027857036;0.059273504;
42.012718;-0.0033001343;0.060296003;
42.013203;-0.0019182902;0.063946187;
42.013699;-0.0014527831;0.066348329;
42.014194;-0.00067245343;0.056791127;
42.014683;-0.0010298395;0.056478504;
42.015179;0.00070621062;0.011431708;
42.015663;-0.0039659832;-0.068608105;
42.016159;-0.0045310492;-0.071645029;
42.016647;-0.0043735155;-0.069572143;
42.017143;-0.0049109403;-0.06608928;
42.017628;-0.0047989055;-0.066136494;
42.018124;-0.0050545307;-0.064851515;
42.018612;-0.0050215074;-0.064694963;
42.019108;-0.0052609877;-0.065323628;
42.019592;-0.0050100102;-0.063283764;
42.020088;-0.0052291877;-0.063441537;
42.020576;-0.0053116237;-0.061167087;
42.021072;-0.0053270347;-0.05859689;
42.021557;-0.0053798719;-0.059823647;
42.022053;-0.0052996376;-0.056198906;
42.022541;-0.0051765949;-0.05820208;
42.023037;-0.0053840303;-0.057543322;
42.023521;-0.0054053124;-0.056449395;
42.024017;-0.0053872103;-0.054689616;
42.024506;-0.0054992451;-0.055494651;
42.025002;-0.0055016913;-0.055889711;
42.025486;-0.0051582484;-0.054508843;
42.025982;-0.0054997345;-0.053269122;
42.02647;-0.0054322202;-0.053996369;
42.026966;-0.005382563;-0.052536249;
42.027451;-0.0053387764;-0.053117462;
42.027939;-0.0055946461;-0.051822212;
42.028435;-0.0054153414;-0.052550681;
42.028931;-0.0055897539;-0.049129952;
42.029415;-0.0055968477;-0.05034741;
42.029911;-0.005525664;-0.049591053;
42.030399;-0.0053982181;-0.050737333;
42.030895;-0.0053947936;-0.050108176;
42.03138;-0.0053933258;-0.050215073;
42.031876;-0.0056244894;-0.048620414;
42.032364;-0.0055156345;-0.046938669;
42.03286;-0.0053859875;-0.047757648;
42.033344;-0.0055107423;-0.046280157;
42.03384;-0.0056359866;-0.044728305;
42.034328;-0.0055403411;-0.046509854;
42.034824;-0.0056374543;-0.046796788;
42.035309;-0.0056359866;-0.045685492;
42.035805;-0.0056359866;-0.046537004;
42.036293;-0.0055122101;-0.043650273;
42.036789;-0.0056257127;-0.043830313;
42.037273;-0.0055183256;-0.043654677;
42.037769;-0.005610791;-0.042173032;
42.038258;-0.0055427873;-0.043704823;
42.038754;-0.0055153901;-0.042847928;
42.039238;-0.0056858882;-0.041941866;
42.039734;-0.0055992939;-0.042679876;
42.040222;-0.0056636282;-0.04357053;
42.040718;-0.0056359866;-0.041948717;
42.041203;-0.0056359866;-0.04258937;
42.041698;-0.0056352527;-0.044429138;
42.042187;-0.0056115249;-0.042202875;
42.042683;-0.0054138736;-0.041575186;
42.043167;-0.0056288927;-0.043265246;
42.043663;-0.0056621605;-0.041883893;
42.044151;-0.0055995383;-0.041375577;
42.044636;-0.0057541365;-0.041886583;
42.045132;-0.0055139223;-0.042291671;
42.04562;-0.0056709666;-0.041294608;
42.046116;-0.0055090301;-0.04204803;
42.0466;-0.0056345188;-0.041297298;
42.047096;-0.0056359866;-0.04164001;
42.047585;-0.005525664;-0.041782621;
42.04808;-0.0056359866;-0.042219017;
42.048565;-0.0055200378;-0.042455561;
42.049061;-0.0053938152;-0.041664958;
42.049549;-0.0056472388;-0.038380235;
42.050045;-0.0055853506;-0.038951173;
42.050529;-0.0055738534;-0.040440895;
42.051025;-0.0055139223;-0.039730523;
42.051514;-0.0056438143;-0.038565412;
42.05201;-0.0055109868;-0.03879584;
42.052494;-0.0055122101;-0.038053427;
42.05299;-0.0055467011;-0.039195791;
42.053478;-0.0054011536;-0.038975634;
42.053974;-0.005624;-0.038608953;
42.054459;-0.0055195484;-0.038201176;
42.054955;-0.0055100084;-0.038800243;
42.055443;-0.0054234141;-0.039168637;
42.055939;-0.0055019362;-0.038582291;
42.056423;-0.0055146562;-0.03738391;
42.056919;-0.0055109868;-0.036818355;
42.057407;-0.0053781597;-0.037197512;
42.057903;-0.0054522785;-0.037619229;
42.058388;-0.0054336879;-0.037376814;
42.058884;-0.0055107423;-0.03769017;
42.059372;-0.0056061433;-0.038201421;
42.059868;-0.0054082475;-0.037742764;
42.060352;-0.005617151;-0.036293648;
42.060848;-0.0056134816;-0.03715666;
42.061337;-0.0054172985;-0.038428426;
42.061832;-0.005528844;-0.036831807;
42.062317;-0.0055149007;-0.036719527;
42.062813;-0.0053042853;-0.038377058;
42.063301;-0.005331927;-0.038005728;
42.063797;-0.0051995888;-0.038332045;
42.064281;-0.005385743;-0.038103573;
42.064777;-0.0054911729;-0.037808076;
42.065266;-0.0052612326;-0.036967572;
42.065762;-0.0054870145;-0.03794555;
42.066246;-0.005509764;-0.037083764;
42.066742;-0.0050256657;-0.038035814;
42.06723;-0.0054217014;-0.037861645;
42.067726;-0.0050704307;-0.038531899;
42.068211;-0.0053852536;-0.037163999;
42.068707;-0.0052634343;-0.037898827;
42.069195;-0.005351007;-0.038851615;
42.069691;-0.0052585416;-0.036982737;
42.070175;-0.0053607919;-0.038337916;
42.070663;-0.0051550684;-0.037568349;
42.071159;-0.0051499316;-0.038146872;
42.071655;-0.0051345206;-0.037510131;
42.07214;-0.0051447945;-0.039362129;
42.072636;-0.0051428378;-0.037102111;
42.073124;-0.0052086399;-0.038503278;
42.07362;-0.0051306067;-0.037748389;
42.074104;-0.0051978766;-0.039573725;
42.0746;-0.005030069;-0.038363602;
42.075089;-0.0052135321;-0.037142228;
42.075584;-0.0052017905;-0.036858961;
42.076069;-0.0048644631;-0.038798042;
42.076565;-0.0051328084;-0.039510369;
42.077053;-0.0052585416;-0.0393181;
42.077549;-0.0050107441;-0.038370207;
42.078033;-0.0049038464;-0.038534589;
42.078529;-0.0051279161;-0.039129499;
42.079018;-0.0051288945;-0.038352106;
42.079514;-0.0051758611;-0.038459003;
42.079998;-0.0051266928;-0.037424516;
42.080494;-0.0049141203;-0.040288743;
42.080982;-0.0051105483;-0.038290951;
42.081478;-0.004944942;-0.037951179;
42.081963;-0.0048059993;-0.038679894;
42.082458;-0.0049926424;-0.038157634;
42.082947;-0.0049943547;-0.038756214;
42.083443;-0.0048845215;-0.038776029;
42.083927;-0.0051161745;-0.039396867;
42.084423;-0.0050175935;-0.039042417;
42.084911;-0.0047343266;-0.037995942;
42.085407;-0.0049175448;-0.036741298;
42.085892;-0.0050100102;-0.038549267;
42.086388;-0.0048559015;-0.040933799;
42.086876;-0.0048358426;-0.040992018;
42.08736;-0.0048263026;-0.038669128;
42.087856;-0.0047333478;-0.040140014;
42.088352;-0.0049696486;-0.040310267;
42.08884;-0.0046352562;-0.038690411;
42.089336;-0.0043852571;-0.037904944;
42.089821;-0.0046440628;-0.04105366;
42.090317;-0.0039067855;-0.040539719;
42.090805;-0.0048385337;-0.04052015;
42.091301;-0.0042918134;-0.041769899;
42.091785;-0.0042507178;-0.040280912;
42.092281;-0.0046839351;-0.040170103;
42.09277;-0.0048426921;-0.039649311;
42.093266;-0.0042935256;-0.04114417;
42.09375;-0.004462312;-0.04096511;
42.094246;-0.004452527;-0.040874355;
42.094734;-0.004713045;-0.041013543;
42.09523;-0.0042353068;-0.041915938;
42.095715;-0.0040183309;-0.042180859;
42.09621;-0.0036712189;-0.041757423;
42.096699;-0.0043463632;-0.041623373;
42.097195;-0.0042587901;-0.042296074;
42.097679;-0.0041438197;-0.041845977;
42.098175;-0.0042240545;-0.042436972;
42.098663;-0.0042492501;-0.04161359;
42.099159;-0.0042560995;-0.043214854;
42.099644;-0.0039554643;-0.041507915;
42.10014;-0.0038974902;-0.042156886;
42.100628;-0.004145043;-0.043780901;
42.101124;-0.0038713161;-0.043984421;
42.101608;-0.0040065893;-0.043889266;
42.102097;-0.0035303193;-0.044300959;
42.102592;-0.0037565904;-0.044647582;
42.103088;-0.0035917184;-0.04564929;
42.103573;-0.0030797338;-0.045671303;
42.104061;-0.0035014544;-0.044389509;
42.104557;-0.0028901554;-0.045182802;
42.105053;-0.0031200957;-0.045252275;
42.105537;-0.0030256736;-0.0464487;
42.106033;-0.0036778236;-0.046441849;
42.106522;-0.0020207849;-0.047804367;
42.107018;-0.0023380537;-0.047445271;
42.107502;-0.0028527288;-0.048881419;
42.10799;-0.0026677982;-0.04806513;
42.108486;-0.0030012117;-0.048779171;
42.108971;-0.0020195618;-0.049818795;
42.109467;-0.0021015087;-0.049891446;
42.109955;-0.0023067428;-0.051896576;
42.110451;-0.0019547383;-0.049251035;
42.110935;-0.0016448079;-0.051960908;
42.111431;-0.0018260694;-0.052596424;
42.111919;-0.0012035179;-0.051640458;
42.112415;-0.0017179485;-0.052936934;
42.1129;-0.00022504808;-0.053885069;
42.113396;-0.0014346815;-0.05315024;
42.113884;-0.00067832426;-0.054260556;
42.11438;-0.001383801;-0.054480713;
42.114864;-0.00053546764;-0.052611589;
42.11536;9.0508465e-06;-0.055719458;
42.115849;-0.00080748228;-0.055163931;
42.116344;-0.00089945842;-0.05496946;
42.116829;-0.00049241498;-0.05746847;
42.117325;-0.00055674935;-0.059342239;
42.117813;0.00094984961;-0.057630409;
42.118309;-0.00078399898;-0.059769586;
42.118793;0.00020988179;-0.059283286;
42.119289;0.001103714;-0.060829271;
42.119778;0.00053228764;-0.060775455;
42.120274;0.0070941513;-0.063148975;
42.120758;0.00097284367;-0.063460864;
42.121254;0.001518096;-0.063468695;
42.121742;0.0025418201;-0.064985812;
42.122238;0.0026954398;-0.063481413;
42.122723;0.0020939256;-0.064158268;
42.123219;0.0021641308;-0.066172697;
42.123707;0.0032556138;-0.068369851;
42.124203;0.0027879053;-0.068869598;
42.124687;0.0039539966;-0.071034223;
42.125183;0.003506836;-0.07155893;
42.125671;0.0088771675;-0.071564555;
42.126167;0.0063808467;-0.073643312;
42.126652;0.0056597143;-0.075115912;
42.127148;0.0086440472;-0.076718643;
42.127636;0.010633522;-0.082596064;
42.128132;0.014686099;-0.085561812;
42.128616;0.019518273;-0.088402793;
42.129112;0.01692386;-0.089287333;
42.129601;0.022681177;-0.092031941;
42.130085;0.034197766;-0.095005512;
42.130581;0.028540744;-0.096946307;
42.131077;0.034826677;-0.10881808;
42.131565;0.042172298;-0.11120457;
42.132061;0.027718583;-0.11562481;
42.132545;0.057105947;-0.12233295;
42.133041;0.10310601;-0.13912643;
42.13353;0.070802078;-0.14436491;
42.134026;0.12337136;-0.15533258;
42.13451;0.20847598;-0.1446313;
42.135006;0.16335531;-0.15787049;
42.135494;0.31432194;-0.14515308;
42.13599;0.24784055;-0.14462911;
42.136475;0.21073134;-0.13720863;
42.136971;0.26915163;-0.12448338;
42.137459;0.26850435;-0.11940561;
42.137955;0.30113608;-0.11496679;
42.138439;0.19998407;-0.11292227;
42.138935;0.25389898;-0.10769871;
42.139423;0.29231787;-0.10085481;
42.139919;0.28715426;-0.09368629;
42.140404;0.3628225;-0.089816928;
42.1409;0.35722026;-0.081023909;
42.141388;0.32864675;-0.078915797;
42.141884;0.3244929;-0.082907952;
42.142368;0.31461915;-0.061331224;
42.142864;0.32639748;-0.058586862;
42.143353;0.39089528;-0.060995609;
42.143848;0.3206979;-0.057003453;
42.144333;0.29395387;-0.044839606;
42.144821;0.37228161;-0.05061698;
42.145317;0.37728748;-0.028222252;
42.145813;0.33285588;-0.016784918;
42.146297;0.35242993;-0.044094011;
42.146793;0.3344278;-0.028385166;
42.147282;0.31948361;-0.018449783;
42.147778;0.33400166;-0.0052064382;
42.148262;0.31135622;-0.013712277;
42.148758;0.33528984;-0.0055298223;
42.149246;0.32941508;0.014269026;
42.149742;0.33177075;0.015141332;
42.150227;0.35146245;0.037244968;
42.150723;0.34187859;0.013344862;
42.151211;0.32769641;0.028035607;
42.151707;0.32107559;0.026725192;
42.152191;0.33129597;0.038641978;
42.152687;0.37640905;0.054308992;
42.153175;0.27754566;0.056622829;
42.153671;0.35201383;0.048333477;
42.154156;0.36617303;0.053791627;
42.154652;0.33109415;0.060780101;
42.15514;0.3396993;0.065729201;
42.155636;0.27365479;0.078660414;
42.15612;0.29123056;0.084388621;
42.156616;0.3513453;0.088272169;
42.157104;0.35079294;0.091263838;
42.1576;0.33642974;0.09834405;
42.158085;0.28236905;0.080822349;
42.158581;0.32251173;0.11047316;
42.159069;0.30863166;0.10603116;
42.159565;0.29506934;0.10593649;
42.160049;0.35824105;0.11718816;
42.160545;0.31542003;0.1254961;
42.161034;0.1934271;0.12704086;
42.161518;0.12648655;0.11322829;
42.162014;0.24501522;0.14003934;
42.16251;0.17210405;0.14124531;
42.162998;0.23862875;0.14477171;
42.163494;0.2473814;0.14065358;
42.163979;0.13771033;0.14096962;
42.164474;0.14653222;0.13465336;
42.164963;0.1077107;0.12506068;
42.165459;0.054387268;0.1070265;
42.165943;0.041099403;0.099871442;
42.166431;0.035675012;0.090249412;
42.166927;0.024040027;0.085436806;
42.167423;0.028084042;0.076116398;
42.167908;0.033702414;0.069151402;
42.168404;0.025349464;0.065111786;
42.168892;0.016192453;0.061923444;
42.169376;0.016230125;0.06026249;
42.169872;0.011640122;0.060335387;
42.170361;0.015793482;0.053649258;
42.170856;0.014804494;0.050545309;
42.171341;0.010465224;0.05210181;
42.171837;0.011718889;0.050397314;
42.172325;0.0078862226;0.047013275;
42.172821;0.005639411;0.045355015;
42.173306;0.0091753565;0.045807801;
42.173801;0.0091890553;0.044052426;
42.17429;0.0071719396;0.041991033;
42.174786;0.004738485;0.041381937;
42.17527;0.0036323247;0.037839387;
42.175766;0.0029537559;0.039652247;
42.176254;0.0028231302;0.037949465;
42.17675;0.0021763616;0.035412293;
42.177235;0.0030919649;0.03419948;
42.177731;0.0055992939;0.033922572;
42.178219;0.0017512165;0.031989604;
42.178715;0.0019848261;0.03041329;
42.179199;0.0010623736;0.028712954;
42.179695;0.0020486712;0.027340651;
42.180183;0.00085151341;0.026897158;
42.180679;0.00036643696;0.027225435;
42.181164;0.0010623736;0.026216878;
42.181652;9.0508465e-06;0.024178479;
42.182148;-0.00021037103;0.024792714;
42.182644;-0.00093810802;0.022102412;
42.183128;-0.00080479146;0.024386404;
42.183624;-0.00064456702;0.023421388;
42.184113;-0.0011247512;0.022929464;
42.184608;-0.0010215226;0.022381276;
42.185093;-0.0013745056;0.024217619;
42.185589;-0.0010606614;0.022803973;
42.186077;-0.0014246522;0.023161115;
42.186573;-0.0013727932;0.02258333;
42.187057;-0.00075733569;0.02241699;
42.187546;-0.0020043955;0.022473985;
42.188042;-0.0021088473;0.021704175;
42.188538;-0.0019664799;0.019977909;
42.189022;-0.0019266072;0.019660885;
42.189518;-0.0023573786;0.01868804;
42.190006;-0.0025452448;0.018519988;
42.190502;-0.0026457824;0.017809864;
42.190987;-0.0027822792;0.019803986;
42.191483;-0.0030834032;0.014193439;
42.191971;-0.0028886877;0.015968628;
42.192467;-0.0030714169;0.013648677;
42.192951;-0.0037441149;0.013854644;
42.193447;-0.0036037045;0.01340039;
42.193935;-0.0029559575;0.01359486;
42.194431;-0.003382815;0.015041528;
42.194916;-0.0035574718;0.01296864;
42.195412;-0.0034862882;0.010935624;
42.1959;-0.0034473939;0.011417765;
42.196396;-0.003846365;0.013162621;
42.19688;-0.0038179895;0.011958859;
42.197376;-0.0035953876;0.011709104;
42.197865;-0.0032081581;0.01129619;
42.19836;-0.0041797785;0.012340462;
42.198845;-0.0032661324;0.012110277;
42.199341;-0.0039469027;0.013795692;
42.199829;-0.0039850632;0.011104166;
42.200325;-0.0040308065;0.012503132;
42.200809;-0.0040606498;0.010510968;
42.201305;-0.0041325674;0.01205426;
42.201794;-0.0039716093;0.011178529;
42.20229;-0.0040166187;0.012291294;
42.202774;-0.0044762553;0.0098152757;
42.20327;-0.0042913244;0.0095936526;
42.203758;-0.0043784082;0.0095890043;
42.204254;-0.0043771849;0.0087996237;
42.204739;-0.0044329576;0.011639633;
42.205235;-0.0045990529;0.0084045669;
42.205723;-0.0043835449;0.0093700718;
42.206219;-0.0045951391;0.0083544208;
42.206703;-0.0043691127;0.0085780006;
42.207199;-0.0045195525;0.0092007965;
42.207687;-0.0046340334;0.0099865077;
42.208183;-0.0042744456;0.0090055922;
42.208668;-0.0044273315;0.008150165;
42.209164;-0.0046474873;0.0084933629;
42.209652;-0.0045249341;0.0084542241;
42.210148;-0.004639904;0.0096102869;
42.210632;-0.004611773;0.0091183605;
42.211128;-0.0047301678;0.007470862;
42.211617;-0.0045310492;0.0077979155;
42.212112;-0.004757076;0.0079588741;
42.212597;-0.0047876532;0.0084405253;
42.213085;-0.0047695516;0.007877172;
42.213581;-0.0047216062;0.0068130856;
42.214077;-0.004890637;0.0063935667;
42.214561;-0.0044958242;0.0073544243;
42.215057;-0.0046298746;0.0067680762;
42.215546;-0.0045831529;0.0073580933;
42.216042;-0.0048064888;0.0066232625;
42.216526;-0.004678309;0.0062039881;
42.217022;-0.0048245904;0.0059593706;
42.21751;-0.0048847664;0.0064221872;
42.218006;-0.0049559497;0.0062947413;
42.218491;-0.0048828092;0.00640433;
42.218979;-0.0047624577;0.0063326568;
42.219475;-0.004893817;0.0074728192;
42.219971;-0.0048632398;0.0057526692;
42.220455;-0.0047976822;0.0045129475;
42.220951;-0.0050004702;0.0043170089;
42.221439;-0.004951302;0.0059251245;
42.221935;-0.0050537968;0.0034610925;
42.22242;-0.0050471923;0.0033055157;
42.222916;-0.0051626517;0.0055951355;
42.223404;-0.0049432297;0.0042475378;
42.2239;-0.0053429347;0.0054596174;
42.224384;-0.005262211;0.0038759639;
42.22488;-0.0049202358;0.0058294791;
42.225368;-0.0049055587;0.0066200825;
42.225864;-0.0051347651;0.0057472875;
42.226349;-0.0053422009;0.0054862807;
42.226845;-0.0052098627;0.0050092763;
42.227333;-0.005319207;0.0059393123;
42.227818;-0.005243131;0.0066308458;
42.228313;-0.0052604987;0.0059114257;
42.228802;-0.0053818291;0.0050635817;
42.229298;-0.0052343244;0.0049990024;
42.229782;-0.0048563904;0.004608104;
42.230278;-0.0054953313;0.0048226332;
42.230774;-0.0053842752;0.0048086904;
42.231262;-0.0053776703;0.0052798232;
42.231747;-0.0051296283;0.0040462175;
42.232243;-0.0053184731;0.0045687202;
42.232731;-0.0053854981;0.0034549772;
42.233227;-0.0053820736;0.0060880394;
42.233711;-0.0054879929;0.004948122;
42.234207;-0.0052282093;0.0057524242;
42.234695;-0.0052604987;0.0043375571;
42.235191;-0.0052825143;0.0051665655;
42.235676;-0.0054569263;0.0036885869;
42.236172;-0.0056051644;0.0056467494;
42.23666;-0.0052729743;0.0062810429;
42.237156;-0.005509764;0.0060956227;
42.23764;-0.0055251746;0.0053771813;
42.238136;-0.0054850574;0.0063862284;
42.238625;-0.0052888743;0.0047871638;
42.23912;-0.0055151456;0.0054376018;
42.239605;-0.0054642651;0.0047450894;
42.240101;-0.0054596174;0.0057191565;
42.240589;-0.0055090301;0.0068001212;
42.241085;-0.0053331498;0.005532024;
42.24157;-0.0055293334;0.0043057567;
42.242065;-0.0053864764;0.0051829549;
42.242554;-0.0053965058;0.0062384792;
42.24305;-0.0055114762;0.0069515393;
42.243534;-0.0055183256;0.0053177392;
42.24403;-0.0055782567;0.0071518808;
42.244518;-0.0056354972;0.0073536905;
42.245014;-0.0056357416;0.0059985095;
42.245499;-0.0054493435;0.0063884296;
42.245995;-0.0053906352;0.0058280113;
42.246483;-0.0056306049;0.0067066769;
42.246979;-0.0056328066;0.0065716482;
42.247463;-0.0055107423;0.0066592214;
42.247959;-0.0055263978;0.0064143594;
42.248447;-0.0055107423;0.0077171917;
42.248943;-0.0055200378;0.0079079932;
42.249428;-0.0056288927;0.0055785012;
42.249924;-0.0056423466;0.0068886727;
42.250412;-0.0054368679;0.009292284;
42.250908;-0.0055141668;0.0091134682;
42.251392;-0.0055606444;0.0083698314;
42.251888;-0.0054596174;0.006991901;
42.252377;-0.0054168091;0.0073272716;
42.252872;-0.0053654397;0.00808632;
42.253357;-0.0057037454;0.0078681204;
42.253853;-0.0055263978;0.008391358;
42.254341;-0.005411183;0.0087631764;
42.254837;-0.0055114762;0.0090474216;
42.255322;-0.0055117207;0.0085806912;
42.25581;-0.0055303117;0.010348787;
42.256306;-0.0055616228;0.0082553504;
42.256802;-0.0055770339;0.0084177759;
42.257286;-0.0056332955;0.0101482;
42.257782;-0.0055944016;0.0095711481;
42.25827;-0.0055694506;0.0094278017;
42.258766;-0.0055327578;0.010365176;
42.259251;-0.0054432279;0.010591202;
42.259747;-0.0056071216;0.010226233;
42.260235;-0.0053979736;0.01032775;
42.260731;-0.0055205268;0.011226718;
42.261215;-0.005636231;0.010687582;
42.261711;-0.0055173468;0.011326034;
42.262199;-0.0056041861;0.012691977;
42.262695;-0.0055692061;0.011212531;
42.26318;-0.0055281101;0.013623481;
42.263676;-0.0054742945;0.013338746;
42.264164;-0.0055386289;0.014800335;
42.26466;-0.0054307524;0.01417387;
42.265144;-0.0055293334;0.015132281;
42.26564;-0.0056205755;0.016636189;
42.266129;-0.0055102529;0.014261443;
42.266624;-0.0053955275;0.016377628;
42.267109;-0.005503159;0.015516819;
42.267605;-0.0054909284;0.016206887;
42.268093;-0.0056081;0.016507765;
42.268589;-0.0054449402;0.017823562;
42.269073;-0.0055547734;0.016202727;
42.269569;-0.0054664668;0.017683642;
42.270058;-0.0055109868;0.019462256;
42.270542;-0.0054106936;0.016765103;
42.271038;-0.0053869658;0.01891211;
42.271534;-0.0054953313;0.02069268;
42.272022;-0.0052737081;0.019740874;
42.272518;-0.0053862319;0.019041024;
42.273003;-0.0052756649;0.02221836;
42.273499;-0.0054065352;0.022212978;
42.273987;-0.0055149007;0.022463711;
42.274483;-0.0054444508;0.023725204;
42.274967;-0.005354187;0.023599226;
42.275463;-0.0053852536;0.022565227;
42.275951;-0.0053854981;0.025036108;
42.276447;-0.0051602055;0.024184106;
42.276932;-0.0052984143;0.026020205;
42.277428;-0.0051817317;0.02587319;
42.277916;-0.0053524747;0.028388591;
42.278412;-0.0050207735;0.028479589;
42.278896;-0.0050391196;0.029753312;
42.279392;-0.0049471436;0.033037055;
42.279881;-0.0049268403;0.032753054;
42.280376;-0.0048815864;0.03158452;
42.280861;-0.0048003732;0.036393207;
42.281357;-0.0039782138;0.03693039;
42.281845;-0.0048847664;0.040271375;
42.282341;-0.0046606967;0.038302202;
42.282825;-0.0048984648;0.042646855;
42.283321;-0.0043223905;0.043355022;
42.28381;-0.004297195;0.042824689;
42.284306;-0.0039040947;0.045981478;
42.28479;-0.0035555148;0.047747616;
42.285286;-0.0042250329;0.047482207;
42.285774;-0.0036797805;0.04940857;
42.28627;-0.0029464173;0.052112818;
42.286755;-0.0032866802;0.053336147;
42.287243;-0.0031829625;0.051005434;
42.287739;-0.0034341847;0.055022053;
42.288235;-0.0024050788;0.05474123;
42.288719;-0.0011396728;0.054487564;
42.289215;-0.00039114335;0.054022301;
42.289703;0.0014322352;0.038560521;
42.290188;0.00034637834;0.017290296;
42.290684;-0.0034040967;-0.073238224;
42.291172;-0.0038507681;-0.073547915;
42.291668;-0.0045572235;-0.070343174;
42.292152;-0.0046628984;-0.068407029;
42.292648;-0.0050882879;-0.062914386;
42.293137;-0.0047516944;-0.0641113;
42.293633;-0.0052201366;-0.060905591;
42.294117;-0.0048862337;-0.061074622;
42.294613;-0.0052786004;-0.055916619;
42.295101;-0.004916077;-0.056156833;
42.295597;-0.00516045;-0.053675678;
42.296082;-0.0051357439;-0.052738059;
42.296577;-0.0052531599;-0.051757142;
42.297066;-0.0055261534;-0.050949905;
42.297562;-0.0051824655;-0.048102312;
42.298046;-0.005316027;-0.048232447;
42.298542;-0.0053422009;-0.047071494;
42.29903;-0.005547435;-0.046582993;
42.299526;-0.0057010548;-0.046436224;
42.300011;-0.0054119169;-0.045074195;
42.300507;-0.0055980706;-0.044783097;
42.300995;-0.0057421504;-0.04473858;
42.301491;-0.005522484;-0.044682071;
42.301975;-0.005280802;-0.043590099;
42.302471;-0.0055337362;-0.043113094;
42.302959;-0.0056301155;-0.041300967;
42.303455;-0.0056819743;-0.040914472;
42.30394;-0.0056357416;-0.041427437;
42.304436;-0.0057612304;-0.040274799;
42.304924;-0.0056856438;-0.039185271;
42.30542;-0.005728452;-0.039878275;
42.305904;-0.0056824638;-0.037250593;
42.3064;-0.0057624537;-0.037609447;
42.306889;-0.005652376;-0.037878036;
42.307384;-0.005636231;-0.03607912;
42.307869;-0.005636231;-0.035066649;
42.308365;-0.0056364755;-0.034144685;
42.308853;-0.0057240487;-0.035984941;
42.309349;-0.005645771;-0.03381959;
42.309834;-0.0057656337;-0.033238377;
42.310329;-0.0057582953;-0.032519691;
42.310818;-0.0057612304;-0.03232424;
42.311314;-0.0058201835;-0.031097975;
42.311798;-0.0057367687;-0.0329578;
42.312294;-0.0057785986;-0.032351885;
42.312782;-0.0057751737;-0.032209516;
42.313267;-0.0057739508;-0.031889312;
42.313763;-0.0056545772;-0.030888338;
42.314259;-0.0058788918;-0.030202674;
42.314747;-0.0058739991;-0.030080611;
42.315243;-0.0059280596;-0.029514566;
42.315727;-0.0057027671;-0.029939465;
42.316223;-0.0057326104;-0.029132718;
42.316711;-0.0056758593;-0.029824495;
42.317207;-0.0057631875;-0.030629776;
42.317692;-0.0057629431;-0.029509673;
42.318188;-0.0056743915;-0.028542455;
42.318676;-0.0058419541;-0.028072545;
42.319172;-0.0058505158;-0.026741581;
42.319656;-0.0058766901;-0.029433107;
42.320152;-0.0057690581;-0.028069854;
42.320641;-0.0057989019;-0.02768556;
42.321136;-0.0057612304;-0.026657188;
42.321621;-0.0058791363;-0.027242068;
42.322117;-0.0058370619;-0.02706619;
42.322605;-0.0057940092;-0.026348237;
42.323101;-0.005789117;-0.028013593;
42.323586;-0.0058387741;-0.02673571;
42.324081;-0.0057636769;-0.027303223;
42.32457;-0.0057761525;-0.026108267;
42.325066;-0.0056614266;-0.02607451;
42.32555;-0.005617151;-0.027132969;
42.326046;-0.0056435694;-0.025438748;
42.326534;-0.0058170035;-0.024441199;
42.32703;-0.0057886275;-0.02503146;
42.327515;-0.0056986087;-0.025720548;
42.328011;-0.005604431;-0.022961996;
42.328499;-0.0055109868;-0.02469291;
42.328995;-0.005665096;-0.024920894;
42.329479;-0.0053886781;-0.025468348;
42.329967;-0.0051778178;-0.02526238;
42.330463;-0.0054515447;-0.024884935;
42.330959;-0.0053847642;-0.024138117;
42.331444;-0.0049028681;-0.025255285;
42.33194;-0.0044361376;-0.024413312;
42.332428;-0.0047727316;-0.025458807;
42.332924;-0.0041819802;-0.025626861;
42.333408;-0.0039424999;-0.025079161;
42.333904;-0.0034317384;-0.024858028;
42.334393;-0.0038414728;-0.024166739;
42.334888;-0.0034985191;-0.024431415;
42.335373;-0.0040550237;-0.024747215;
42.335869;-0.0035606518;-0.025084788;
42.336357;-0.004798661;-0.024566932;
42.336853;-0.0052247844;-0.024603136;
42.337337;-0.0042069312;-0.023425791;
42.337833;-0.0049586408;-0.024064489;
42.338322;-0.0051240022;-0.022549571;
42.338818;-0.0053439131;-0.022152314;
42.339302;-0.0049554608;-0.021625407;
42.339798;-0.005629871;-0.022158917;
42.340286;-0.0058612791;-0.021807158;
42.340782;-0.0056014955;-0.022739884;
42.341267;-0.005690536;-0.021777069;
42.341763;-0.0056927376;-0.021037836;
42.342251;-0.0057467981;-0.02125359;
42.342747;-0.005839753;-0.02115036;
42.343231;-0.0057710153;-0.021958333;
42.343727;-0.0058793807;-0.022217626;
42.344215;-0.0057668569;-0.020040775;
42.3447;-0.0059327073;-0.022108283;
42.345196;-0.0057609859;-0.020682896;
42.345692;-0.005642591;-0.020852171;
42.34618;-0.006058441;-0.020463718;
42.346676;-0.0059806523;-0.020317683;
42.34716;-0.0059872572;-0.021432159;
42.347656;-0.0057834908;-0.019818662;
42.348145;-0.005887453;-0.020231577;
42.34864;-0.0057622092;-0.019780748;
42.349125;-0.0059916601;-0.020444639;
42.349621;-0.0061220415;-0.019985247;
42.350109;-0.0059654862;-0.020045178;
42.350605;-0.0058872085;-0.02140305;
42.351089;-0.0060630888;-0.019833829;
42.351578;-0.0060381377;-0.02043779;
42.352074;-0.0059263473;-0.020538326;
42.352558;-0.0058903885;-0.019696843;
42.353054;-0.0060090283;-0.019210787;
42.353542;-0.0060980688;-0.019567929;
42.354038;-0.0060117189;-0.01932111;
42.354523;-0.0058867196;-0.020064503;
42.355019;-0.0060112295;-0.019997967;
42.355507;-0.0058940579;-0.01897987;
42.356003;-0.0060060928;-0.019847773;
42.356487;-0.0059840772;-0.018270234;
42.356983;-0.0058903885;-0.019356824;
42.357471;-0.0060148989;-0.01715013;
42.357967;-0.0060095172;-0.017851938;
42.358452;-0.0061981175;-0.018605361;
42.358948;-0.0058896546;-0.017670922;
42.359436;-0.0059075118;-0.018943666;
42.359932;-0.0060100066;-0.019731579;
42.360416;-0.0061247321;-0.017230609;
42.360912;-0.0058876979;-0.019840922;
42.361401;-0.0060041356;-0.019301541;
42.361897;-0.0060058483;-0.020513376;
42.362381;-0.0059608384;-0.017452722;
42.362877;-0.0060745855;-0.018411133;
42.363365;-0.0059334412;-0.018223757;
42.363861;-0.0059283045;-0.020007018;
42.364346;-0.0059199873;-0.019692685;
42.364841;-0.0059361323;-0.019168958;
42.36533;-0.0061347615;-0.018942688;
42.365826;-0.0059168073;-0.017101452;
42.36631;-0.0058879424;-0.018655261;
42.366806;-0.0058872085;-0.017591665;
42.367294;-0.0061288904;-0.018104628;
42.36779;-0.0060175895;-0.018075518;
42.368275;-0.0059884801;-0.017782712;
42.368771;-0.0059493412;-0.018028796;
42.369259;-0.0059334412;-0.017364416;
42.369755;-0.0059750262;-0.017266324;
42.370239;-0.0058593224;-0.016950523;
42.370735;-0.0057103503;-0.017561087;
42.371223;-0.0057996353;-0.016055712;
42.371719;-0.0059021302;-0.017524395;
42.372204;-0.0058879424;-0.017674835;
42.372692;-0.0058969934;-0.017474983;
42.373188;-0.0060126972;-0.017265346;
42.373684;-0.0057467981;-0.01753418;
42.374168;-0.006058441;-0.018097289;
42.374664;-0.0061367182;-0.0167311;
42.375153;-0.0059652417;-0.018360497;
42.375648;-0.0059728245;-0.017000426;
42.376133;-0.0059473845;-0.016000429;
42.376629;-0.0060131866;-0.01751877;
42.377117;-0.0060303099;-0.0168561;
42.377613;-0.0058884318;-0.016724251;
42.378098;-0.0061242431;-0.017331881;
42.378593;-0.0060124528;-0.017568182;
42.379082;-0.0060122083;-0.016832128;
42.379578;-0.0058727763;-0.015097545;
42.380062;-0.0058918563;-0.015732083;
42.380558;-0.0060670027;-0.016809378;
42.381046;-0.0061340276;-0.016070388;
42.381542;-0.0059972866;-0.016579438;
42.382027;-0.0060136756;-0.015548864;
42.382523;-0.0059099579;-0.015195392;
42.383011;-0.0061173937;-0.017830901;
42.383507;-0.0061205737;-0.016728899;
42.383991;-0.0060134311;-0.015407965;
42.384487;-0.0060215034;-0.017132763;
42.384975;-0.0060051144;-0.015982816;
42.385471;-0.0060175895;-0.016625915;
42.385956;-0.0061369631;-0.017560354;
42.386452;-0.0059564351;-0.017466666;
42.38694;-0.0058898996;-0.016736483;
42.387424;-0.0059728245;-0.016419947;
42.38792;-0.0058903885;-0.016402336;
42.388416;-0.0059331967;-0.017147195;
42.388905;-0.0060327561;-0.017731097;
42.3894;-0.0059972866;-0.017491372;
42.389885;-0.0060119634;-0.015571859;
42.390381;-0.0060210144;-0.01650165;
42.390869;-0.0059089796;-0.016963243;
42.391365;-0.0061056521;-0.018026106;
42.39185;-0.006109321;-0.01784778;
42.392345;-0.0060745855;-0.017251402;
42.392834;-0.0058894102;-0.017806195;
42.39333;-0.0060119634;-0.017436577;
42.393814;-0.0060119634;-0.018249687;
42.39431;-0.0059872572;-0.016509723;
42.394798;-0.0059933728;-0.017145973;
42.395294;-0.0061369631;-0.01758286;
42.395779;-0.0060009556;-0.016787853;
42.396275;-0.0061369631;-0.018405752;
42.396763;-0.0057842247;-0.016386924;
42.397259;-0.0060234605;-0.016974006;
42.397743;-0.0060540377;-0.016021956;
42.398239;-0.0060080495;-0.016094606;
42.398727;-0.0059393123;-0.016861971;
42.399223;-0.0061347615;-0.016648909;
42.399708;-0.00594714;-0.015781496;
42.400204;-0.0060134311;-0.017246999;
42.400692;-0.0059762495;-0.016229145;
42.401188;-0.0060117189;-0.017054485;
42.401672;-0.0059997328;-0.016102433;
